id,email,password,handle
1,twebby0@mapy.cz,obLzKn0fdqQ,rgater0
2,aleban1@uol.com.br,5JzTtULO,bskillington1
3,bbussetti2@dagondesign.com,OaXVFx8D1,arobillart2
4,wstork3@theatlantic.com,kAWhkW,rnewcome3
5,ayter4@amazon.de,mGrJ6zZ1x3,tsiveter4
6,wfounds5@buzzfeed.com,HqzBT8NY,bleworthy5
7,clainton6@hibu.com,hy4MgfDJMYDK,stonkinson6
8,lcowing7@businessweek.com,n2M3bi3tP,bgibben7
9,lkemmons8@aboutads.info,ZHP6Efk,ddonald8
10,bgendricke9@msn.com,qeFBHAoE4O,pskeete9
11,ctattersalla@slate.com,m3gOAZ,gcopesa
12,cmoyersb@topsy.com,ce9lC3p,wlandellb
13,bdominguesc@i2i.jp,sOU3wxjA,cgrigoliisc
14,csowrahd@apache.org,8DT70vE2,fchasled
15,jleeburnee@fastcompany.com,s2QMajA21,jmacteggarte
16,clillfordf@oaic.gov.au,3cXtjcLwribC,mmckeemanf
17,mgallamoreg@msn.com,HlAzVyX4nWp,gfairfullg
18,apohlakh@g.co,sN8LUSFyd,dfilipputtih
19,fmacgilfoylei@theglobeandmail.com,0m3f4tO,elubmani
20,ikitchensidej@bravesites.com,okVOjFt,rdragej
21,ghaylandsk@so-net.ne.jp,GSxBWCZka,asalthousek
22,kcussl@bluehost.com,y5hoU0Snr,bfairbanksl
23,kwinderm@globo.com,esDSaTU,jlelliottm
24,seagletonn@uiuc.edu,XkKXDSrQf9,ctarpeyn
25,dgieveso@zimbio.com,OwHpUz5y0lu,sdurnallo
26,neneferp@phoca.cz,zhAjIu62ZM,cbursellp
27,srozenzweigq@naver.com,WzswHj,dmonteauxq
28,belcomber@youku.com,YT449REro0,apeltzr
29,hventhams@soundcloud.com,jZgAQs69A4O,tnodens
30,apartkyat@youtube.com,zbRo6ObEeTA,divanyushint
31,aguillainu@goo.gl,elMWgADG,imacgraithu
32,dpettiwardv@va.gov,wJ2nXm9MbFV,rcroallv
33,mminucciw@angelfire.com,kYds82Xn,aurreyw
34,fbirkmyrx@opera.com,FHdgfjkkYn,toutridgex
35,bsimicy@netvibes.com,i3CgbOhsN,gswetlandy
36,dbalazsz@skyrock.com,3mdjHaT357,bdakez
37,ckobu10@unc.edu,unmcPQ,aback10
38,callett11@over-blog.com,Us4zqkEXVFCx,gdantoni11
39,wellam12@meetup.com,uPFy5BCD9ZQ,dfarragher12
40,cbarends13@youtube.com,S45gSBebxsx,respinel13
41,bmilligan14@blogspot.com,kuh4sw7,tgutcher14
42,gdallon15@google.com.hk,gp0ggPSpwr,progan15
43,rbengle16@nhs.uk,BFLSyRaO,lfenelon16
44,pworsom17@arstechnica.com,WXyfgy,bvannoni17
45,kravenscraft18@macromedia.com,JC9wmeiqKFY,aboatwright18
46,dayrs19@hao123.com,uvG1k76CgK9,bjuan19
47,msaull1a@cafepress.com,H04TOTlHUCW1,mharbage1a
48,mkeasy1b@cocolog-nifty.com,lVbSqM3PJfY,tcribbott1b
49,gdyke1c@intel.com,9BeXRs,ajedrzejewski1c
50,dianne1d@newsvine.com,wrCjgbOkbvs,ashawyer1d
51,wsilverstone1e@skyrock.com,vUeKJg,rphilippou1e
52,ggheraldi1f@desdev.cn,0kiJZe3GMUYB,lraybould1f
53,aweldrick1g@skyrock.com,exKzmmE,lminards1g
54,ntremouille1h@opensource.org,BwmtxV,rgerauld1h
55,vchaudret1i@cbslocal.com,xInt9EyK,vfurnell1i
56,ncastree1j@unblog.fr,UwTcnE3DQ,bcorston1j
57,pquainton1k@mashable.com,R03PpbYT,jgeram1k
58,cmaddison1l@slashdot.org,s9Kn436,rpontain1l
59,rbugby1m@nps.gov,NsuBcE0VD3s,fgritsunov1m
60,kguisler1n@ihg.com,JHygax,cmcgall1n
61,trengger1o@drupal.org,MpO85bjIjoWG,asaltern1o
62,nlynam1p@nytimes.com,m3I4cDoBC8N,cbarthram1p
63,cwace1q@mediafire.com,QC4lGEiU38,amurkitt1q
64,lleate1r@nydailynews.com,e3Oxw2SpPo,xantyshev1r
65,djahnisch1s@chicagotribune.com,Rc7u7n2t5,dhabin1s
66,sgueste1t@unblog.fr,ytNqkV,bguymer1t
67,cdressell1u@slideshare.net,GoaE0z,dklarzynski1u
68,jmushart1v@ocn.ne.jp,Vf44he,nmountfort1v
69,cwyant1w@marriott.com,gyJnhjiwv,yelacoate1w
70,rranshaw1x@slate.com,BkdaaxZ,ayeulet1x
71,kfrie1y@geocities.jp,KYgnuP,amcsperrin1y
72,fmarples1z@etsy.com,Gek9aN,fcadagan1z
73,dcornilleau20@slashdot.org,OWyd3TTuiW,pbenedito20
74,mteale21@vimeo.com,EWuaoxnNO,dstoll21
75,boccleshaw22@blogspot.com,e2wa4aDTLuz,mettritch22
76,ftierney23@odnoklassniki.ru,LzkjaQz5G1,tfeldhammer23
77,lcarlet24@europa.eu,aJaJxfyG7nj0,kdoley24
78,nianiello25@indiatimes.com,lh0MF4VTz,eknyvett25
79,ldenormanville26@nydailynews.com,4IsKIeeSCx,osawtell26
80,bbye27@cbslocal.com,GJBJgIBl,mwohlers27
81,nnevill28@nba.com,GabAj9JT,dwixey28
82,nburgise29@fda.gov,s1k3rez,kkleisel29
83,ctipping2a@wikimedia.org,uE2RKoUZup,cmackean2a
84,ashatford2b@google.com.au,blCV1feRAeT,ibarette2b
85,nmelmore2c@tiny.cc,dRFbBulIUa0G,chabbes2c
86,cbeston2d@rediff.com,od6Bf5OzWw,abryan2d
87,aharrowing2e@technorati.com,TwkAJ4V9vEg,cpagin2e
88,rmullally2f@cocolog-nifty.com,wiQ4OP9,noliphant2f
89,jbudik2g@hibu.com,RWI7j5bYbbiY,alenglet2g
90,yfeedham2h@sciencedirect.com,366zfFF,swyllcock2h
91,jrubert2i@angelfire.com,VjOFLmjwrLh7,abaguley2i
92,dgodlip2j@xinhuanet.com,8ogiHO,kdamper2j
93,skeld2k@time.com,JWzhUiR,aconrath2k
94,cblasdale2l@un.org,pU3NWK,vcrease2l
95,asherer2m@cdc.gov,HqjQ4Il,tattwoull2m
96,nzarfati2n@altervista.org,TvfONEa5,tbeacham2n
97,jlack2o@guardian.co.uk,dNNaBO3,mkaes2o
98,hsybry2p@google.fr,gXupGFvEkG,kmably2p
99,fcharrington2q@earthlink.net,375POPX,srougier2q
100,nnears2r@blogspot.com,gvzjEPhze,ajanton2r
101,ssprott2s@howstuffworks.com,bEnCqvqIX4,wcuncarr2s
102,bboreland2t@exblog.jp,D322FHfAB,theindrick2t
103,btinsley2u@si.edu,OmgALXi,owhitticks2u
104,borpen2v@networksolutions.com,0v6HArZiO,bpenketh2v
105,klaurant2w@ucsd.edu,fvbTEb,rpavlata2w
106,jmelbourn2x@sciencedirect.com,qGnUiPBx,ffaldoe2x
107,swisniewski2y@typepad.com,c9a7OOx6ve,rwanden2y
108,kshovelton2z@weather.com,spc8bF,rcorbet2z
109,psmallcomb30@example.com,Rqj6Q5HqbgN,okerry30
110,lvearncombe31@phoca.cz,p2CmnNh9kwbA,adecourcy31
111,tchalk32@geocities.jp,XnBw4VAUo,kwissby32
112,tsibylla33@issuu.com,wVao6b8j6V7,sstqueintain33
113,kstatersfield34@simplemachines.org,JiWNFrKKoHxI,gbowerman34
114,lhurdwell35@webnode.com,vgBId0tR,lelstub35
115,cchilver36@jugem.jp,hDk8KrdLv9ng,nlinskill36
116,araggatt37@europa.eu,IIK75diKW6,cteeney37
117,hpennrington38@about.com,BnSMMXC4KZ,klapidus38
118,nrobilliard39@mozilla.com,77U3Ek8,negell39
119,rgilligan3a@wikia.com,TKrHX5SWt,sbiermatowicz3a
120,schaytor3b@whitehouse.gov,IRcJnvpNY,msomerfield3b
121,lyakutin3c@house.gov,wQ7NTSZjp0m,acowle3c
122,cprozillo3d@icq.com,ma0HpA,jwitts3d
123,dpetrashov3e@cdc.gov,NZXVSbfD4,jnurny3e
124,pletham3f@newyorker.com,PEQBbo,lwhopples3f
125,kballston3g@flickr.com,dEhV4OVWQ,edandie3g
126,sfewtrell3h@nymag.com,y6suzUREhfU,otupp3h
127,edyerson3i@instagram.com,H1OC6uo45n1,dcrandon3i
128,kruddiman3j@umich.edu,dxtblrpSXQ,branklin3j
129,ngontier3k@mozilla.org,ajPu3T,ksturm3k
130,tlinke3l@histats.com,yp99wQ,ghumblestone3l
131,ytackes3m@sun.com,skfom3Tab1,ccattemull3m
132,kgoodwyn3n@kickstarter.com,GnO2Q9luJUA,kpandey3n
133,rcaulcott3o@goo.gl,vqIIUXEm16,mshoebrook3o
134,mdymond3p@illinois.edu,VzY1R0B92b9u,ddanett3p
135,bedwardson3q@narod.ru,JYgNHsTCk,mgallard3q
136,mvallack3r@admin.ch,WRtbapAF,pfilkin3r
137,eoldland3s@reuters.com,M2wbDF1,mmaclaverty3s
138,gorcott3t@narod.ru,8mptq1,mthripp3t
139,ahemphall3u@vk.com,S4dGeK2fr,rkarpf3u
140,tlummasana3v@blog.com,YOjad8dK,icrichten3v
141,lhotchkin3w@tinypic.com,cbF3Ydq,tangier3w
142,ebeddoes3x@list-manage.com,kugHCYFOp97,atiller3x
143,lheitz3y@tamu.edu,yZhZLlUzP5c,pfeatherstonhalgh3y
144,sfrance3z@time.com,Z8zllFJyeK,ckindle3z
145,emcillroy40@woothemes.com,rPIg77kOtWD,hpolycote40
146,mcroser41@accuweather.com,3i47Dvc7H1sX,nreams41
147,fgravey42@auda.org.au,PxBA4o4,mvine42
148,redeler43@posterous.com,sUB99QPeWmh,squarton43
149,ddesvignes44@howstuffworks.com,fYn0cPV,lbrinkley44
150,ftedahl45@ox.ac.uk,JtX5IWJNYa,efairlam45
151,mhillum46@state.gov,2kGF9y793OHk,gmulqueeny46
152,egai47@w3.org,TBCgTVmc,echin47
153,oolwen48@accuweather.com,ltPxxm,emanssuer48
154,kgladdifh49@state.tx.us,eKE3HPNDbu5k,mkindle49
155,cray4a@goo.ne.jp,5Bp0PAp,mantognozzii4a
156,mwildgoose4b@unicef.org,WnzKWKQjfPc,stouson4b
157,bsendall4c@senate.gov,mKjg7Bn,stollfree4c
158,tbattrick4d@homestead.com,SxECLj,trosson4d
159,rearingey4e@patch.com,1pspT3BiQNwy,hgillford4e
160,rniset4f@bigcartel.com,xer6exJnPCzb,dloads4f
161,abatchelour4g@ted.com,wZ6MPJ4,mpyper4g
162,psagar4h@google.nl,pY6aLi,dglasby4h
163,dhowles4i@hugedomains.com,lU4r8wt7x,bstruis4i
164,tcristofalo4j@networksolutions.com,D6HMTfsg4To,zmccaughren4j
165,rneeve4k@dot.gov,ElSty0,lboaler4k
166,bgemson4l@hostgator.com,mCckKcM,wcutridge4l
167,ajuorio4m@liveinternet.ru,X025KpGo,abastistini4m
168,dvidloc4n@deliciousdays.com,OyvzoqCLLoR,ehaslewood4n
169,mmankor4o@naver.com,Glf0JP7AMThQ,mkellen4o
170,hmenham4p@phpbb.com,aBm7pAN3Y,bixer4p
171,jtowhey4q@myspace.com,ZifP8czYzP8,bolland4q
172,mjoint4r@hhs.gov,2WQhj87O,bkohring4r
173,pgatrell4s@netvibes.com,YqXelY1,awycliff4s
174,hklein4t@google.es,AWcVOwpT3,bmccoy4t
175,flecount4u@bigcartel.com,fY5pD1stf,bgiaomozzo4u
176,cnorthall4v@ed.gov,NKUhXT7RkzA,rburdis4v
177,dhousby4w@skype.com,OPwP3lWphtbZ,ahuguenet4w
178,tjacox4x@nps.gov,vypengTU8,jsalkeld4x
179,hmacquarrie4y@wikipedia.org,4bwMmj,bzanotti4y
180,ymutter4z@tuttocitta.it,bYHEvcESEwLm,heschelle4z
181,sleestut50@twitpic.com,EahYbC,rspadaro50
182,santill51@devhub.com,XTm3If1TDgXQ,callcroft51
183,dclingoe52@networkadvertising.org,3z1uBsfPBhn5,mgemson52
184,dbattershall53@ucoz.com,GdQvjqZRK,adarby53
185,lmaclachlan54@sphinn.com,JJo22I,hhalifax54
186,lludlow55@hexun.com,gyqnxGoei6l,apieter55
187,igrinnell56@wordpress.org,Kv4FMwEgg4,gscotchbrook56
188,dengeham57@salon.com,TRfbDe,lreiglar57
189,fbaxstar58@oaic.gov.au,XdLs2bkdpY,nclaiden58
190,aschubert59@google.pl,IG76t0uv4,khorick59
191,kspillard5a@newyorker.com,rVrVJ9FI5njv,vberston5a
192,shenderson5b@nba.com,qaxALybHMV,spapworth5b
193,bgrassi5c@nasa.gov,80XywjpIR,gvina5c
194,jroland5d@comsenz.com,Tzl8yd0r,braffles5d
195,maldersley5e@mapy.cz,FvLIFClB,bjeanequin5e
196,rgoosey5f@berkeley.edu,FAwX0uTEkIgv,sspearing5f
197,bironside5g@businessweek.com,4L66QAVBa0pd,wbier5g
198,vholttom5h@behance.net,ugHyTT1j7eG,gboas5h
199,slownes5i@w3.org,uLiONgM3,lmurrigans5i
200,vglidden5j@deliciousdays.com,n2PD2iWjspy,rfleisch5j
201,hcello5k@parallels.com,9gv38CfQH3rk,pcornew5k
202,alonghi5l@fc2.com,SDHCtbNO,vrecke5l
203,lpolley5m@google.cn,3e28msmYkj,dalaway5m
204,sruslen5n@t.co,8PHq5I,tdumberell5n
205,eyosifov5o@godaddy.com,fZ5xspci,gbeams5o
206,tsettle5p@google.co.jp,zmHHFfeuKQp,adavy5p
207,cfoulgham5q@liveinternet.ru,ktZ4clMIWZ0q,smanz5q
208,dsarney5r@state.tx.us,1KzsFj756r,rcockburn5r
209,jvaughanhughes5s@cdc.gov,IK0kicGGEca,gliffe5s
210,mdavall5t@cnet.com,pCwZSAiexKs,ldebischof5t
211,asicha5u@cdbaby.com,NlcoQgJLqUC,jtweedlie5u
212,calkin5v@exblog.jp,naZKJbFD,dboustred5v
213,cwitchard5w@ustream.tv,IO9tc1,etimlett5w
214,awoodvine5x@miitbeian.gov.cn,pgvMw0hL1,ethieme5x
215,fkoenen5y@ow.ly,9HYFjc,lantliff5y
216,jrawet5z@gmpg.org,678P9UoMgr0,tloweth5z
217,fgooddy60@google.co.jp,argf3Ez0s,kfancutt60
218,iputley61@imgur.com,qiolZM3,gdalgardno61
219,cdoerren62@chronoengine.com,JIBVfWv5GJih,clackmann62
220,wgallacher63@ed.gov,nubg68EiG,dgorch63
221,adunklee64@reverbnation.com,kNrNAex7,aaidler64
222,amishaw65@1und1.de,Nj9HM6Rmoe,fblas65
223,hrilton66@yale.edu,QPvKvRvNr1,eguppie66
224,dvonsalzberg67@japanpost.jp,ft1QxEpc0,cpiscot67
225,csimionescu68@archive.org,okNJlFtpMz,cchurchlow68
226,dbudik69@twitter.com,7QM1M4OzJ0,tsafell69
227,cdowry6a@yahoo.com,mLQgZ4IKaek,alorraway6a
228,jwestgarth6b@51.la,6f6D8LkT,dtremblot6b
229,ereed6c@army.mil,vlYais,awheble6c
230,amckeady6d@ehow.com,hlwyl54,acottem6d
231,aglasbey6e@omniture.com,D40CUpDEY,vspawell6e
232,wnutten6f@lycos.com,dEdMrl086q,jbrownfield6f
233,rredmore6g@fotki.com,CzuE6ShGyG,gtilte6g
234,dkingzett6h@mapquest.com,2UkrhJTQzwKW,dwallas6h
235,kfero6i@wikipedia.org,EsrdKAw8rvJt,kgantley6i
236,mroffe6j@intel.com,0FFOPa0,rcrookall6j
237,rmeeks6k@soup.io,I7HAAQBL,pbeveredge6k
238,cjozefczak6l@nature.com,6NgUbQo,bangove6l
239,ifrissell6m@adobe.com,bDc7DsJs,olenoire6m
240,bfraschetti6n@blogger.com,A0Jswxo0K,nchidzoy6n
241,hlardner6o@ezinearticles.com,6sqA3WwtS,sskeleton6o
242,pkimmings6p@dell.com,Hk2pwHOaB,kbleiman6p
243,jrault6q@addtoany.com,AkNDn14GS,jfenwick6q
244,ddanell6r@engadget.com,UEyGxqodn2,wyeowell6r
245,jhoovart6s@stanford.edu,PFNRQ9LtetI,obraithwait6s
246,boglethorpe6t@constantcontact.com,HWZU92hRMrS,edoyley6t
247,afaers6u@a8.net,jDp6RnUQ,lcastell6u
248,agartshore6v@qq.com,ULXFowNIcgiS,cgabbat6v
249,mjeffery6w@tumblr.com,U7BdSDX,trudge6w
250,edaws6x@hatena.ne.jp,9FEQNPr,tmcmillian6x
251,ddillintone6y@sogou.com,VIqTJYtqyx,ehugo6y
252,tnuss6z@google.pl,H0oId3,lgrinter6z
253,rtather70@accuweather.com,o6WcHd,adarling70
254,gthorold71@slideshare.net,J1N7UOlS00,dmostin71
255,emackim72@utexas.edu,Ycpx6VuFF0p2,cclingoe72
256,nleteurtre73@blinklist.com,lH2d94,rprendeguest73
257,bbenzie74@businesswire.com,XMefaU,nmatchett74
258,hocarroll75@discuz.net,fbKNxv,btuley75
259,mmattinson76@usgs.gov,MS6oMg,adyett76
260,kgarrand77@hhs.gov,pkx17PuViLH,epaszak77
261,nduplock78@amazon.de,uo2uLEm1T,sjanacek78
262,ctoop79@live.com,9A1mX0f3Y,lmaypother79
263,fzapata7a@unicef.org,tTIpixW5O,gjanatka7a
264,jviggars7b@a8.net,wnQbuz9hlvW,kallright7b
265,aroistone7c@cisco.com,cSeXRwtZmP,mruse7c
266,dmeachen7d@sbwire.com,PD55oOhvoxA,jshakshaft7d
267,jrugge7e@miibeian.gov.cn,gfURhzKBiu0,dprahm7e
268,mcarnell7f@alexa.com,usPmZt6WS,bforrestall7f
269,cdebischof7g@bbc.co.uk,U11vOiVJqgX,fhazeldene7g
270,ebauer7h@upenn.edu,8gQ0Ghqp6CPd,chubert7h
271,mcristofol7i@rediff.com,tmF1UX6IGLB,fellerton7i
272,sshoveller7j@privacy.gov.au,b3asNrheqz,fbarnicott7j
273,tplak7k@sun.com,q5POjUr,alawland7k
274,lmagill7l@tripadvisor.com,1MTU9c0H,esirrell7l
275,zagostini7m@phoca.cz,iiDCZcO,vgrogan7m
276,kolyet7n@tumblr.com,xhofJK5,jhaslewood7n
277,dspittles7o@eepurl.com,5vQIrViq,cbidgood7o
278,dinkin7p@accuweather.com,qxJmy7RZ,nwilkowski7p
279,dwendover7q@flavors.me,x0MoJtEi,gtinkham7q
280,cseward7r@163.com,B8QpeAzpnwo3,aharnott7r
281,jcathie7s@ameblo.jp,g7hsPM,rbrouard7s
282,lfilson7t@indiatimes.com,BlJTZIb0m,fbuncom7t
283,edalston7u@seesaa.net,UE2z1R,ldabell7u
284,jhanvey7v@soundcloud.com,jVxpYlHv8iJ,lgaroghan7v
285,tpotzold7w@columbia.edu,2MBHQVB,acordeiro7w
286,mpickover7x@yelp.com,L9b7fT,fcrispe7x
287,zlesslie7y@freewebs.com,Y0eoWWleGdzf,voats7y
288,ddriffield7z@senate.gov,HdYkqCt,rscadden7z
289,smacari80@constantcontact.com,dinsk0FD1CL,nbridge80
290,eattwoul81@lulu.com,0tK1NwH4PW,pmaffini81
291,ldeclercq82@hugedomains.com,hLGJXbC49,bbaigrie82
292,pgeeritz83@dagondesign.com,funLkShw4,rlutton83
293,sfloyde84@yahoo.com,FjMlUIv6uR,ipoznan84
294,growly85@gov.uk,MFjFNf92,cgutsell85
295,vtrundell86@globo.com,7fpA0p90,aantonik86
296,cguillond87@epa.gov,WT7szNd,veronie87
297,wterron88@cyberchimps.com,stui0dBgWq,kalldre88
298,igasking89@apple.com,BrH7dEH,mmityukov89
299,sech8a@cnbc.com,Yv59VJzMIm,cpina8a
300,dstill8b@tripod.com,OwN3fb2uP7A,sledington8b
301,lgerty8c@surveymonkey.com,oLTxnUx6E,bmcsperron8c
302,rclutterham8d@google.co.uk,hS41CA7oFZO,lsneezem8d
303,mtorra8e@techcrunch.com,NsJPdNVl5,dhaslehurst8e
304,spennock8f@ucoz.ru,a2tb9s3M,bgleed8f
305,santosik8g@ezinearticles.com,3QNUpVgR,aburle8g
306,eairton8h@salon.com,OojiaC,jmaffi8h
307,rcotte8i@businessweek.com,gYXbUHyvcpbX,itrunkfield8i
308,halenov8j@phoca.cz,XGJPS4bm3Cvq,egentil8j
309,dmongin8k@geocities.com,RiDjqAk,dsolway8k
310,astearns8l@un.org,YRvJdBICS1t,fhaldin8l
311,lduffit8m@abc.net.au,bzWyAi0TU7a,lgye8m
312,cabba8n@cdbaby.com,lcdxE2QWl,rcavalier8n
313,kharrington8o@blogspot.com,x4Gi9Ms,tcowdray8o
314,bcogar8p@npr.org,MDUDWauqWY7f,bsorby8p
315,dpattington8q@cnet.com,4gZWOLhO,kaxford8q
316,pangrave8r@hexun.com,WsMgdgUi1Q6Q,lgascoigne8r
317,oswyersexey8s@unicef.org,DmgjqUEaqPK2,cletterese8s
318,nclemetts8t@angelfire.com,SRSJ8Y4,ikingsford8t
319,gkitchingman8u@utexas.edu,x0IY6oH,naxworthy8u
320,cnassie8v@fotki.com,hVdTsw0DIm,ldavoren8v
321,bgypson8w@tripod.com,4MASlPNF7,atomashov8w
322,jbarracks8x@tinyurl.com,f4KpcJK4W9XR,mruddoch8x
323,hpossek8y@1und1.de,gDeVuG4Npf,abendall8y
324,gcarlaw8z@omniture.com,yYJYtbfFo2Aw,vjerson8z
325,rasher90@narod.ru,5pzmHasDS3,arummery90
326,wdawtrey91@zdnet.com,tja7PF,rwegman91
327,skurten92@instagram.com,NfGf9yN,bbrandenberg92
328,aadolthine93@rediff.com,8uOYgi,vobeirne93
329,etack94@desdev.cn,zL11lflZ,hgrinnell94
330,hhattiff95@booking.com,pWlg0tci09,dgamet95
331,ecunradi96@cmu.edu,EJycGs41,wspeirs96
332,kmithan97@arstechnica.com,Qvv0K1f,clitchfield97
333,wcreech98@joomla.org,78nTRe,rcoltart98
334,atesimon99@bbc.co.uk,TGkkNoE35bl,vaujouanet99
335,cmarshfield9a@parallels.com,Yl5gLvN,avelde9a
336,hofeeny9b@pen.io,n1D6OwMg,rmcwhinnie9b
337,sbreslauer9c@bloglines.com,ODZAYGefFGM,aoswell9c
338,reagles9d@acquirethisname.com,pZBbDZ,ablakes9d
339,dyarnell9e@dot.gov,9jDfZJx,mcrebott9e
340,rmakepeace9f@microsoft.com,rwJgE7M,bandrag9f
341,atipping9g@acquirethisname.com,6Nuh0l35s9Q,vdegg9g
342,rhoff9h@sourceforge.net,hnOoxEHmtlt,fthorburn9h
343,lchampe9i@weather.com,NULuJL1xnKQ,sharte9i
344,sgateland9j@prweb.com,t0gwJtDEIXQE,ginstrell9j
345,bphilcox9k@nasa.gov,Le3EBm,jverny9k
346,dpaladino9l@hao123.com,P4VpvBCs,ggiven9l
347,warnolds9m@tmall.com,rlEV0fVeN2,ubengal9m
348,amiko9n@dmoz.org,YlWdRY,dblaiklock9n
349,mstathers9o@slate.com,UyPO7usYo,hpilley9o
350,wsmythin9p@cbc.ca,Twfyd7,wburleigh9p
351,pburgess9q@psu.edu,MiySrAqj,dpedron9q
352,chetterich9r@wsj.com,EgbbL0OPfHx,dpresslie9r
353,fwindeatt9s@edublogs.org,9PbztbhfuVlm,chellard9s
354,ageorgeot9t@smh.com.au,vs94tbg05yWB,jdungate9t
355,gkilban9u@home.pl,ybj1Gx,emumbray9u
356,btuttle9v@ask.com,nN6UJyTZk7lJ,ztregunna9v
357,rkopfer9w@ucoz.com,u95iE12,cderges9w
358,ldryden9x@reference.com,AdLiVTDB,ugayforth9x
359,cgeggus9y@chron.com,VsVp7qnUPcP,tgennerich9y
360,bfirsby9z@qq.com,nIwTPNo5gY,mfranzini9z
361,csymcocka0@google.it,opsZLiZ2,cwalbya0
362,aleathema1@earthlink.net,3jvubt,bskatea1
363,belmera2@sina.com.cn,bhGs8pz,jrobrowa2
364,vbartholata3@netvibes.com,3q2GjmTLg,rdeppera3
365,djanca4@auda.org.au,2ng63eCtFWJc,zcoppoa4
366,wlightfoota5@phpbb.com,Zhc2UpPGPaYJ,rtoppinga5
367,kthorneloea6@shutterfly.com,xhUXdjns,gsharplesa6
368,sscimonea7@behance.net,HMobCR2hNHe4,jrubicaa7
369,dlonga8@yellowbook.com,NmQQLkQD3QuL,rkienleina8
370,rissacsona9@gov.uk,5ivdlSPAsL,hgoldstonea9
371,ejotchamaa@statcounter.com,wzB76N,iseadonaa
372,kaldieab@webeden.co.uk,SL29AznxKwFA,rgrayshonab
373,edagworthyac@dailymotion.com,EoCEthf3,ydoveac
374,adibaudiad@cafepress.com,z4VVOT3rv5u,btraherad
375,pantonikae@zdnet.com,YU3Zvg,ferlamae
376,rskunesaf@comcast.net,JrVjDJPRy,toakinfoldaf
377,hstrussag@nbcnews.com,gbGmFv,fmarkag
378,aalthropeah@unesco.org,M35VTJdynNlX,ccircuitah
379,hfiggerai@sourceforge.net,PW10AAh6VUf,fdonnettai
380,eizkovitchaj@craigslist.org,SpChJ7C,kwollastonaj
381,pmcdonnellak@dell.com,Cojg6hc3GFpz,nshortellak
382,kbrownsallal@examiner.com,5S5V9viLEi,foscallanal
383,truppam@mlb.com,IroK72JI5,sthriftam
384,cgorean@wp.com,jIAxvqpF,acamplinan
385,mrivesao@cbsnews.com,kZ2QLtxVv,mleeuwerinkao
386,klorenzinap@msu.edu,q9xo20jhQUt,kelwelap
387,ereddickaq@youtu.be,APZPajDh4yJb,tkirscheaq
388,aohairear@npr.org,dRA0y7TXsM2D,sgilliattar
389,plobleas@ed.gov,VIBvDy9,fcouchas
390,bgabbotat@blogs.com,xwOGoLPL,aslocomat
391,dgingedaleau@dion.ne.jp,rg8SFs,mjoysonau
392,cmaryonav@fastcompany.com,EnwcMd6I,lharbourav
393,pklasaw@foxnews.com,3WBvPVGzdV,jtirteaw
394,aolyetax@cnn.com,Hd5sNkR9f,dmardollax
395,kridsdellay@shareasale.com,MU0Ra4Wrqe,csilversmiday
396,dcuruclisaz@illinois.edu,qZJLP0b9fV,abrehautaz
397,rmoncrieffeb0@oracle.com,nZ0xocDK,kgiacopellob0
398,dlosebieb1@yale.edu,4FILhpGkKFcv,erodgerb1
399,ebeddoeb2@t.co,aePP9sgI,hskymeb2
400,tplanb3@vk.com,UFPMFHT,hswansburyb3
401,ugaveltoneb4@imgur.com,YqLDmc,rhealksb4
402,kjecksb5@earthlink.net,53d5R6hc0,bstorrsb5
403,kseacombeb6@dell.com,6e9nIu,ccravenb6
404,mbisikerb7@amazonaws.com,jgCoD5bIx,oabrahamowitczb7
405,gesmeadb8@unc.edu,uINXffPnx0MB,aciccottib8
406,rolyhaneb9@freewebs.com,C6O2IiuaD3,nfaucettb9
407,hnunanba@hugedomains.com,WDr3Fi,abremenba
408,tfitterbb@amazon.co.uk,Zf6yemjD,skimblingbb
409,emayowbc@nifty.com,5yvjf1SZlYf,fstandenbc
410,pfarquarbd@fc2.com,r85IQvX,fcerithbd
411,wgilcristbe@photobucket.com,bzKNpM3tWR,llingleybe
412,hkinverbf@yellowpages.com,WXJnhOm,edetocbf
413,cpallinbg@noaa.gov,Baa8s1Xq7j,mkenwardbg
414,nrafebh@mapy.cz,u3lBSg5,mburragebh
415,eocanavanbi@ameblo.jp,SaTE8lxG4G,nissakovbi
416,hellandbj@live.com,e3qerx,kpartingtonbj
417,ecasfordbk@over-blog.com,VLnrofH,mmanzellbk
418,eaaronbl@jugem.jp,6oIGoAp6CY9A,drosiellobl
419,jgenikebm@umich.edu,Ti1xyTMVwL6,mharrhybm
420,thitchensbn@telegraph.co.uk,HdrMHX2rYkpD,pperrybn
421,arobardetbo@comsenz.com,qLUYlJ4,ejeffersbo
422,hcraftsbp@weibo.com,0UwJIEVIu9,rdeambrosisbp
423,talexsandrowiczbq@answers.com,sADROtTldYNE,jkegginbq
424,ngoodabr@sourceforge.net,fFx4jK,mnelseybr
425,wleilebs@springer.com,PwdeS3TOdl,dreochbs
426,ekeigherbt@wikimedia.org,S6lHEYY,ctoftsbt
427,smanterfieldbu@xing.com,1yI1FTs20K71,clarringtonbu
428,kgodlontonbv@wsj.com,W56caoc,chodginsbv
429,dbalstonbw@cyberchimps.com,bsfH0lBuWI,sbirchettbw
430,biveybx@drupal.org,xGd4U3qK7wRU,dcorbybx
431,dschimannby@npr.org,mX38xgWFv,eshipseyby
432,krussibz@dion.ne.jp,pUN31Pf4gi57,lwofendenbz
433,awhittletonc0@cbslocal.com,t2Z83emBF,jdurbanc0
434,jdancec1@istockphoto.com,mOuToipbZz,hmazdonc1
435,gsteanc2@dell.com,PvqKwWR,wmalyc2
436,cpithcockc3@washingtonpost.com,qgTXUQ2,mcalderonc3
437,czinkc4@illinois.edu,V5x0xhABbRUX,mwillishirec4
438,mgrasserc5@opensource.org,vape12xzXotI,vmcmanamonc5
439,sbambc6@icio.us,jZxmMY0f,hcarbonellc6
440,astainbridgec7@last.fm,vtFV3l,gholwellc7
441,shallutc8@eepurl.com,2GRbtq2LU86,duttingc8
442,hrobakc9@indiatimes.com,4T5VHp1u,lkinmondc9
443,cickeca@cdc.gov,PJUczO,wbeethamca
444,agrayleycb@topsy.com,qOTz0Q,ekertoncb
445,dburdencc@com.com,5UNpVb9r,eneichocc
446,ckondratowiczcd@elpais.com,7GY6UBo,mvinickcd
447,lsruttonce@biglobe.ne.jp,Gg2KRqhhoqh,jcassellsce
448,tgillespiecf@ibm.com,UXKUqOB7,ywisdishcf
449,gpresnallcg@who.int,DpBy6nr,adudeneycg
450,cbraundtch@cbslocal.com,g40zqYIg,dmeaseych
451,opettieci@4shared.com,TrRKwl,tansteysci
452,ctremellingcj@storify.com,AhN9XbMeMfs,ffilewoodcj
453,tcrostonck@bloglines.com,0X36vn,nmerriganck
454,enelissencl@webmd.com,qUg2MStR,tlanyoncl
455,cdelaeglisecm@printfriendly.com,I1zno3v,drallinshawcm
456,ztrusdalecn@pbs.org,6CF7dZLqq,gsandeycn
457,genstenco@deliciousdays.com,5NFLV8SI7KN,aplampinco
458,nramsdalecp@cbsnews.com,OPNO9lwhATk,iweisscp
459,ecellicq@vistaprint.com,V5rl4UxkQXr,gsmailscq
460,remmittcr@blogspot.com,SpcpXO4p,glambswoodcr
461,tpittendreighcs@reference.com,PpM3w4E,ttibbottscs
462,gschererct@merriam-webster.com,j0CrwHq6xW0f,pmorstattct
463,rgongcu@alibaba.com,2UxhdaIdusR,jpearseycu
464,mecclestonecv@webmd.com,hjH3taa6H,afairbardcv
465,sgolbourncw@1688.com,HpmkLM7lv,bpercycw
466,rmuspratcx@dion.ne.jp,28JXK5,ncleerecx
467,pcroncheycy@webeden.co.uk,1xIsdJt,nrablcy
468,lroccocz@cam.ac.uk,pBfg9YLs,sstonercz
469,syoudd0@deliciousdays.com,lxxGe8I,ccaushd0
470,mdugoodd1@engadget.com,o5siKj6KT,bniesingd1
471,cdyded2@wp.com,T3ikuZGI,vtrased2
472,cpetrassod3@ifeng.com,q1kUGFBWe2,ranespied3
473,amellyd4@e-recht24.de,1Vp46v6wf,ewitteyd4
474,ttomaellod5@ycombinator.com,vUZKGSXMkjPq,emonaghand5
475,mivchenkod6@tripod.com,qfmBMxyGhi,cbrunskilld6
476,ddriffed7@cmu.edu,U9M2Kos,dbabidged7
477,dbruntond8@wisc.edu,dl78eFsn,jmargaretd8
478,cblankingd9@wordpress.org,bXLQyq0no2,eislesd9
479,omulqueenyda@accuweather.com,1zjjFwmA84K,rroscampsda
480,jhairedb@cdbaby.com,IhGDNwHup,yglasheendb
481,gbriancedc@chronoengine.com,Kq7K62w82l,kvausedc
482,fdrustdd@spotify.com,RWc05e,wgosartdd
483,vphilippde@yahoo.co.jp,EpdpMyt513b,twithurde
484,cbulfitdf@nbcnews.com,UzQTYyVKpdHR,eglashbydf
485,tbartomieudg@reuters.com,s1U2VXg,ahoylanddg
486,aliesdh@example.com,Hhp5aKjL,abothedh
487,briordandi@tripod.com,zBios5tA79tq,kfrantzenidi
488,mjennemanndj@huffingtonpost.com,SodpKFANLqR,lhalidaydj
489,krunacresdk@dot.gov,QK2PBEMO,cepinoydk
490,bbuckbydl@wunderground.com,cmxV9zGpIPnP,itreveardl
491,amarkwickdm@cam.ac.uk,VlvnaP,sjoseydm
492,mmaccrackandn@shareasale.com,gtWLFl9YG,plomasnydn
493,tmarflittdo@springer.com,m5UNFLhMFnb8,agebharddo
494,ayurchenkodp@fotki.com,zGA0WmO4P,dbeardalldp
495,mcurzondq@pcworld.com,SH8khXn8,dmaddinondq
496,ljozsefdr@dagondesign.com,c3HrKvr3WQR,kscanlindr
497,bkippingds@csmonitor.com,WztaXdOw,eitterds
498,jginmandt@techcrunch.com,9oaaEGSZAURi,cdegoedt
499,slongfootdu@miibeian.gov.cn,0llhFVil,mmcilhattondu
500,dmitchensondv@columbia.edu,npBkbIh1zfT,mrehmedv
501,hholttomdw@prnewswire.com,wEd8a9AuLL,cgladdishdw
502,gdomonidx@amazon.co.uk,qQ0h7x,zmckinlaydx
503,pditchburndy@blogtalkradio.com,R3gbMVNPFv,elockerydy
504,bfaveldz@cpanel.net,flGjPsVF3n9,nmorphewdz
505,ajoulee0@ustream.tv,SZ5ByIfE,fraulstone0
506,cpulequee1@scribd.com,lBj2lzP,eashingdene1
507,hpyotte2@imgur.com,Fe3r56IhT8DI,tbresline2
508,sadrianie3@fastcompany.com,IVWcmD5VRXF1,ubordmane3
509,hduddelle4@artisteer.com,X4imaP,mlipmanne4
510,lchristale5@gravatar.com,ckOiZC,skrolake5
511,iroussele6@state.gov,CAFfm8diLY,cungarettie6
512,ctonrye7@squarespace.com,8bt0Ia6Y,cvearte7
513,cwatere8@tumblr.com,aujZQedelp6,dgariee8
514,seliassene9@wufoo.com,LYRxgtqO,ahuce9
515,kceneyea@godaddy.com,fdMCy6zWK4,emcpaikea
516,aoyletteb@sohu.com,xrofPsik,hmarloweb
517,dbethamec@tuttocitta.it,suPW9C,fmcelvogueec
518,uokellehered@live.com,C3XbE4j9,ikerneed
519,kjohnee@sfgate.com,4h9Y2ZZJjH,dchateletee
520,mcellieref@sphinn.com,cBY4VNojGIVz,fuccellief
521,bmatyasheveg@ow.ly,wjmJmvjJxw,ubromelleg
522,aodoghertyeh@economist.com,hgRa9DiNjJZ,friddlereh
523,hmangamei@howstuffworks.com,lN0Ro4lb,pthrasherei
524,jropertej@nyu.edu,6qZa1TQj,espringhamej
525,ekuhnkeek@geocities.jp,dRVfcMdl1hx,ppocockeek
526,bbergeel@who.int,5R6uRscF,bredwoodel
527,pfortieem@telegraph.co.uk,zKduSR8u,egodbertem
528,bschlagtmansen@ucoz.ru,p2gw6Z9t25uu,lfinnieen
529,mmacdonelleo@hp.com,5CF4BDle,smcconigaleo
530,lmacaskieep@dagondesign.com,leFXOowB3,tdumbellep
531,lskeeneq@microsoft.com,2orCZkQ,ddedrickeq
532,poreganer@ning.com,cUDv7r8RiC,ibillingslyer
533,dshepherdes@reference.com,kgqsmD2oke,jluciuses
534,sdebneyet@dell.com,wOuSUco,acruceet
535,rmellerseu@ucla.edu,UNaBnGWUo,amongeteu
536,mgoodlattev@cocolog-nifty.com,CSHRqU46w1,ejershev
537,cdowneew@bandcamp.com,sh3VLj,ablunsdenew
538,asandarsex@gizmodo.com,IBVIMA,rcowlinex
539,hpilmerey@buzzfeed.com,d6FGCug8,wiveley
540,bcreavinez@cyberchimps.com,ohFJv25GKu,ddevaanez
541,akobpalf0@ftc.gov,BIZcxZ6LcA,wcowhigf0
542,aeaglenf1@sina.com.cn,2BzQ1S,cellsonf1
543,jseilerf2@jigsy.com,vY8vMzf2qbgb,mbornf2
544,tperezf3@mac.com,pLi7787E,asomersetf3
545,ckrysztowczykf4@paginegialle.it,fXoonPyxN,ahurdisf4
546,dcradeyf5@state.tx.us,npy4tFwylj,mpenmanf5
547,gdudneyf6@google.cn,GC741uaCV5,hsellorsf6
548,dswiftf7@photobucket.com,OTt0lAWKjy,aalejandrof7
549,kcavanaghf8@freewebs.com,qE4q6YV,mjoppichf8
550,hmairsf9@army.mil,iM87zPx2Q,kchapellowf9
551,ladamofa@dell.com,p3OipAf,bferreyfa
552,lvanfb@squarespace.com,NtmV2EBLu,zbeathemfb
553,kgeorginsfc@networkadvertising.org,Y6IavfzqI,emallockfc
554,lsperingfd@unblog.fr,pmye6ph8Sdh,epercivalfd
555,lthickettfe@google.ca,xafpO3yCMQ9v,tslemmingfe
556,camortsff@discovery.com,u9hKcP,mellensff
557,iyakovichfg@gnu.org,BmMKQD7YQ5l,lstronghillfg
558,fchopinfh@google.co.jp,yK4yTZ,cisaacfh
559,bedgcombefi@a8.net,CUZoSgN3s8Rb,tdummiganfi
560,msindlefj@bloglovin.com,aTmRMyYzEbx,wmondayfj
561,jcordovafk@nydailynews.com,hQlPnNiyUE,jklaessenfk
562,sjohanssonfl@gov.uk,QypzD79i4,bcherryfl
563,dkippingfm@slate.com,orrEh2Mi1,phowbrookfm
564,hdambrosiofn@ow.ly,PzZxXHcRF,gdyhousefn
565,kdukelowfo@behance.net,grc2lYyHqBOt,cbuneyfo
566,mhaileyfp@smugmug.com,KJjLcICj,ssuermeierfp
567,klutyfq@opensource.org,tBgIe3RVh,sandriolifq
568,imccannyfr@webmd.com,Odmr1MQX58,agoacherfr
569,hrikardfs@telegraph.co.uk,Xj40M76DSks,dgrundellfs
570,ebaughamft@sakura.ne.jp,XU4zlpiNIj,cmattheusft
571,bbutenfu@networksolutions.com,07UKuuX6DcES,dkildayfu
572,aberfordfv@surveymonkey.com,7OgissBLInCe,atrenemanfv
573,vferrarifw@google.co.uk,iQlUMdr,tphippfw
574,dpatridgefx@discovery.com,KBJtZj,dimpeyfx
575,twhittenburyfy@oracle.com,wStvtAAkx,apoznanskify
576,vhindrickfz@quantcast.com,xxQRjfyY0jv,cchristoffersenfz
577,hbrumptong0@independent.co.uk,w8FJwk,dvarleyg0
578,sgonnellyg1@meetup.com,HrERowh,fhawkswellg1
579,pbeckfordg2@miibeian.gov.cn,UFB9tDQHPV,spascallg2
580,grikelg3@merriam-webster.com,lmgn7Q,mmcelmurrayg3
581,lkittoeg4@liveinternet.ru,8VzxGKrK,lmilesg4
582,sandrionig5@i2i.jp,uULs8ZjE,mlesaunierg5
583,ggreedyg6@msu.edu,If5ac509k8,lkellingtong6
584,challamg7@scientificamerican.com,nc0Aea7,ppetchg7
585,cizzattg8@google.co.uk,Vypl7Ng5KwG,fblacklyg8
586,zbuckberryg9@vimeo.com,nY35On,mlydiattg9
587,fbarracksga@nyu.edu,0n6RprO1g,cbaikega
588,tferrygb@who.int,wGFTN4TSLR,ccossonsgb
589,gchapegc@army.mil,FiUzbz5,zharnwellgc
590,psimukovgd@examiner.com,N5SynaUJhLgQ,dvenartgd
591,pbuddge@usnews.com,78ACbOOu7w,cpimerickge
592,ahulsongf@addthis.com,pjqk5kWXq77R,rpeplowgf
593,jmilkingg@youtube.com,kuErloFkTHAf,hstanesgg
594,pmincigh@nps.gov,jM2yGwv15Gwu,bdhoogegh
595,jflyegi@mlb.com,Rx1ItbOvZoi,lbonnellgi
596,elumsdongj@deviantart.com,4LY3bXr,rfillangj
597,sdibaudigk@wsj.com,c3De2whcIePj,gallibertongk
598,jgerlinggl@prnewswire.com,KjXEfPt8y,egertzgl
599,gbewshawgm@bloglovin.com,VBL95ps,bedwardsgm
600,bdrustgn@dailymotion.com,neFRRZJq1,bbengergn
601,jmcmanamongo@networkadvertising.org,feaYt5EY,cclorleygo
602,tskittrealgp@biblegateway.com,5vWwwakvjxJh,hborngp
603,hmessittgq@jalbum.net,8xcLnA,jhamsteadgq
604,ntilburngr@arstechnica.com,2ccJqOGOv,rbotfieldgr
605,blutasgs@google.com.br,ss6b3kjJULSI,ktabouriergs
606,lpeacegt@wordpress.org,nwe7Zq,baickingt
607,lhoylegu@edublogs.org,SjuGga,nadrianogu
608,enormangv@hubpages.com,QYgbhY,matherleygv
609,llocheadgw@springer.com,rrKftQKaz4ym,hoflannerygw
610,guridgegx@nyu.edu,y1hQO0bhwt,cdantergx
611,acowtongy@ca.gov,m5SyWsPpfLHR,obernongy
612,tballsgz@nhs.uk,Zwq7Sb,cschulegz
613,bjurewiczh0@godaddy.com,5BJSNPke,atutingh0
614,jsquibbesh1@unicef.org,XIQTmcVpZDe,hvanderspohrh1
615,chankeyh2@state.gov,KIoTy0LC,cfoaleh2
616,rsalazarh3@gnu.org,kkUJjqY9,csnelh3
617,usudworthh4@wikimedia.org,jWi0aku,cgovernh4
618,bfrentzh5@weather.com,eAc0R4lSxh,gbernardoth5
619,jhendrenh6@google.es,IL9xtzOZOXv,lhabgoodh6
620,touletth7@dell.com,e1reSnp,rgarveyh7
621,aboncoeurh8@multiply.com,VhY972,alopezh8
622,ybulfordh9@bbc.co.uk,j8BFIW,acroalh9
623,fmccuffieha@samsung.com,6Ns7qXhRsc,gstuddalha
624,varrandalehb@about.com,ttAKgG,lglabachhb
625,dcrockethc@diigo.com,izanWbespDz,zbeldonhc
626,vszabohd@linkedin.com,1Fo3Dei5R1,gcapelinghd
627,ccluelowhe@princeton.edu,AfNfmlGxM75,mrutlandhe
628,iargohf@yolasite.com,rQp9MC2,cvreiberghf
629,hgalwayhg@imageshack.us,ok3UOF9B1,srandshg
630,mchiplinhh@cpanel.net,3PdmoX,jvedeniktovhh
631,bproswellhi@craigslist.org,nQ61Scn6z5,amcclearyhi
632,jlesarrhj@theguardian.com,pTuS1ksV,mtennickhj
633,rboddhk@qq.com,9XtEDoNd,ewoodushk
634,tjossehl@skyrock.com,lAOdpHYtfUQZ,ceathornehl
635,vhatzhm@google.es,3dddBjU6,kfredyhm
636,ndorseyhn@yandex.ru,OYCQFR6n,mrosettinihn
637,tbonassho@istockphoto.com,nhFMXKmF7gJ,gsoggeeho
638,esebyerhp@tripadvisor.com,WRb6Oi0Q6kDI,cladonhp
639,ecovolinihq@sakura.ne.jp,Y1qmsuV,vyackiminiehq
640,dbexonhr@deliciousdays.com,vTTY9NpYmkd,despaderohr
641,dastridgehs@posterous.com,uNzejTR8NYFe,ldarchhs
642,tmccluskeyht@reverbnation.com,48FVkue72b,lhanalanht
643,vdhillonhu@woothemes.com,odVy2Md,bgraylandhu
644,ncogerhv@nps.gov,9EmeuuOw,cgligorihv
645,cjanehw@businessweek.com,cdhWZaa8cV,bbrienhw
646,cblondellehx@elegantthemes.com,sSubx1oXh,skingswellhx
647,hpanterhy@columbia.edu,LXy1Xaid4Hs,jmowsdellhy
648,xcovottohz@dagondesign.com,lCUQNqzb,glewteyhz
649,bportami0@pagesperso-orange.fr,l298oLIYb,ccaldeiroi0
650,rmotei1@economist.com,bRURJf,rbanvillei1
651,mlaugherani2@edublogs.org,KpEKFqE0,cmccrofti2
652,losani3@statcounter.com,n4SyqNKdv8,pmclemani3
653,lsarjenti4@examiner.com,IHRnH1hXgEn,lawdryi4
654,mpulequei5@ucoz.com,puHkeyyqfx,nwykeyi5
655,cglantzi6@reddit.com,52tK3uKHTe,njorioi6
656,ssothami7@theglobeandmail.com,XyGqYLnhoR,hguerrerui7
657,vvictori8@ca.gov,KC1enO,hwalrondi8
658,coscrofti9@ftc.gov,jMpJEpUTdB,gsmallesi9
659,sohareia@msn.com,weui15,lolliaria
660,nnelesib@huffingtonpost.com,2TomKiPKIXV,gmceneryib
661,lreedyic@alibaba.com,Fj5ABQ,gtoplissic
662,jwaineid@vkontakte.ru,bHrAmlS0t,moverstallid
663,rcicconeie@sciencedirect.com,v9aWiw2,gframminghamie
664,djurischif@tamu.edu,AG6WZAmRSa,hzanottiif
665,mdavidgeig@printfriendly.com,zaglMPO,odollmanig
666,mgligorijevicih@harvard.edu,GlyWY2bZ9rlD,bjenkih
667,rhitzschkeii@kickstarter.com,p8bOcYI1LfeF,rsurgeonii
668,rcolyerij@hao123.com,cVOFEq,rsharrardij
669,tsherbrookeik@google.it,Q1eP7GOD,bcapronik
670,tleaningil@friendfeed.com,01JhgLU,tosipovil
671,ayorkstonim@behance.net,3iratYI6y,bofferim
672,jriddin@goo.ne.jp,v3dKA0,cmarkeyin
673,mdixio@columbia.edu,cDJiQ3J7,lhuxstepio
674,lburnepip@disqus.com,EMHpZd27vJr,dcheethamip
675,ljohananoviq@kickstarter.com,wi74gTb4ks,nsorbieiq
676,sseggeir@xinhuanet.com,GuKKr48,ngilliceir
677,fcartmaelis@gizmodo.com,Ie0H4rjk4Is,bvondrais
678,vburrisit@washingtonpost.com,t89f6zpgiRM,fdunsleveit
679,cridouttiu@toplist.cz,n9Qfv3dz,cguilloniu
680,ndomotoriv@toplist.cz,1YSvGYeJY8,pdobyiv
681,hweinhamiw@histats.com,Xc5naM,dwellsteadiw
682,mgreenardix@baidu.com,mHok21,barnaldiix
683,lprinniy@mysql.com,ow2O4jK4,linderwickiy
684,bdowneiz@yahoo.co.jp,6ffprILdh,ioholleganiz
685,awallentinj0@ucoz.com,VGLqwSHXKus,mbridalj0
686,rhartshornj1@ftc.gov,BVPvXc2yz,rvescovoj1
687,fmartignonj2@digg.com,3abXXKIyK4J,ysacherj2
688,fbootellj3@intel.com,Uq7MMiYmBWZd,alevinej3
689,sestcourtj4@intel.com,TUvW9mpTvo,salsoppj4
690,lvanderstraatenj5@yelp.com,uksOohnibYlP,dkemstonj5
691,cinnettj6@mit.edu,9zjDXjGRJ,mbinesj6
692,rkeatonj7@ameblo.jp,roxq2xqZ,msketchj7
693,slawiej8@jigsy.com,LhGUMTqP,nsemarkj8
694,ptalmanj9@fotki.com,VUGz2Du,shurcombej9
695,apeareja@multiply.com,H2gSRwp,cchargeja
696,twarkejb@desdev.cn,PgX8DkPg,sspauntonjb
697,omussettijc@ow.ly,HWRTYU7,metockjc
698,jbodmanjd@creativecommons.org,vKM83GICR,pheersmajd
699,rsteablerje@mediafire.com,FOOUV8LaJKyi,fwoltonje
700,hsandalljf@tmall.com,U5cYme,wthistletonjf
701,kklejnajg@msn.com,HSEdM9Ga0,jchilesjg
702,hsiccombejh@paginegialle.it,dV74M67ufStp,hbalserjh
703,ejohanchonji@nsw.gov.au,7Xo1Qlb,bashingdenji
704,twheildonjj@businessweek.com,r0HP7xCUwoy,nbeddojj
705,brobertazzijk@wikimedia.org,MDg86YsnsyQ,bbeswickjk
706,bleideckerjl@slashdot.org,W1TTXi,ymackeggjl
707,iangeljm@usa.gov,PZDcDCY4ngA,asirettjm
708,hvousdenjn@usa.gov,SflMbZx,locurriganjn
709,cmamwelljo@typepad.com,qXhe1l1e,kforseithjo
710,tjanwayjp@latimes.com,bKdV7D,rgierthjp
711,gjirujq@salon.com,d0KyEVBWI,fgossanjq
712,fbretherickjr@usda.gov,xiUqx1,raishfordjr
713,hstarzakerjs@apple.com,AqPZUko,kleutyjs
714,ftregenzajt@tiny.cc,F8qKRw2mL1x,mvequaudjt
715,cvanderhoevenju@slashdot.org,BONf7dpoHt,zpowellju
716,sadamolijv@feedburner.com,17VBeadUH,dguisotjv
717,ehavertyjw@odnoklassniki.ru,SDBv09u66,bgrievesjw
718,vbuncejx@jimdo.com,LzZxKjji0BV,mbirksjx
719,tnoblejy@google.es,upVqLlU,aszepejy
720,erobertsjz@loc.gov,17WJ6E12mgd7,dgulkjz
721,nblackallk0@time.com,55DbbWIXC6S,gpovallk0
722,gbayldonk1@multiply.com,1rM3kyOawb,rbarabischk1
723,rrushek2@google.fr,yGsweI11kHNp,imucillok2
724,hmcgauhyk3@europa.eu,VRKWJfy,marsonk3
725,bphilippouk4@un.org,RNm6BSImEvh,rwhithornk4
726,ctumultyk5@upenn.edu,WpEjnjmJE,cdoublek5
727,gmcgourtyk6@ask.com,LNqkeV,nvinterk6
728,gdraynk7@purevolume.com,FBjfFbqe,ngammadek7
729,mseebertk8@zimbio.com,jzEiTjeWG,dmustonk8
730,etrevonk9@goodreads.com,y9JqFDrb47qv,hbowndek9
731,lrouseka@unc.edu,t0kVOuVG2Ib6,ggoskerka
732,asherarkb@illinois.edu,zwFfHQAx7yFM,greboulkb
733,dcamerellokc@sina.com.cn,g6I6Wi1Dv,pmacallisterkc
734,ewolstenholmekd@indiatimes.com,8raVIIx,jstrelitzkd
735,dshovelbottomke@spiegel.de,cSUvAtxp,crosenbushke
736,cbinehamkf@wikispaces.com,V2tqMu8h6Vm,wpolkinhornkf
737,dmacnairkg@sakura.ne.jp,3B3p1Oo,bjoderkg
738,yfilippovkh@bbb.org,1VUivS,tkenneakh
739,aludlki@hatena.ne.jp,9AkfTf7b9poo,whouseagoki
740,amarrekj@microsoft.com,w9yo6DanAn3d,kmayberrykj
741,jlayekk@arstechnica.com,HTzXLhZeX4ZM,senriqueskk
742,wmadrellkl@geocities.com,To4GGxVRgqup,abeardmorekl
743,jnewartekm@sciencedirect.com,kjeN8i,askellskm
744,dwestmacottkn@4shared.com,yELfkZz1Oo,gsyriekn
745,ealdredko@bloglovin.com,0zcDEwNX,obartolicko
746,feccleshallkp@histats.com,nm8Cf6Snsf,cklimkiewichkp
747,fvailkq@senate.gov,6Hy5Urj1TlF,whousinkq
748,ydessaurkr@gnu.org,6pmhiJRT,lsaltmankr
749,blangranks@ucsd.edu,OjdC6nWO,ojenneks
750,dcammomilekt@ifeng.com,latLFj,abootmankt
751,msilsonku@gizmodo.com,HSGqZkm,zkornesku
752,mhouldcroftkv@quantcast.com,pVCl4mC7,rhebblewhitekv
753,mcalderokw@reference.com,VrkDP3bfLZ3,rgrimmolbykw
754,kkelsowkx@weather.com,LUxLONSOPdcU,eburleskx
755,kedgelerky@prweb.com,0VGMGUd,djillionsky
756,adurykz@histats.com,tgtJPNu,bdriffekz
757,klardgel0@dion.ne.jp,WNVi7cSChE,sdyel0
758,mzuponel1@disqus.com,vXXWabbWBEL,vreadwinl1
759,gcolchettl2@columbia.edu,Kel9KKyJZ,scordeyl2
760,chuggardl3@state.tx.us,TzQaTkVaD,csaylorl3
761,amcalesterl4@marriott.com,w6LCAEL3,ceaglestonl4
762,cbrennonl5@huffingtonpost.com,380wtls,cbirchenoughl5
763,tuziellil6@eventbrite.com,77JoV77Nh,gpyettl6
764,mheyballl7@mayoclinic.com,am6ZenGBu,sjoull7
765,vcasesl8@narod.ru,NjNnctIAyz1P,kbaszkiewiczl8
766,ddymickl9@examiner.com,xRxbrrnSmJT,acarlemanl9
767,hyearnela@prlog.org,mUQ6BE0t5093,ltutillla
768,btrokerlb@dailymotion.com,TQkN3gc76d5,tohmlb
769,bscatcharlc@noaa.gov,Q5wogJVbJ,ndraperlc
770,wwhittuckld@multiply.com,BKWSGwBiuq,fhawketld
771,aswannickle@who.int,vrlsWKKc76,fbartalotle
772,mburletonlf@freewebs.com,sm1gRGcD,feasemanlf
773,ewyldborelg@gmpg.org,JTQorGvRhf,aciannilg
774,ajeannetlh@unblog.fr,C2GZOR6QT0,tfaulknerlh
775,lmachargli@php.net,QQB2aw,egealleli
776,fgoselinglj@archive.org,62p72mo,probeletlj
777,imacneicelk@blog.com,sLRK5AXw98,mashforthlk
778,khillinll@engadget.com,g5sNuSH221rC,akidwellll
779,bpeakmanlm@clickbank.net,jYl0SLN,fjellemanlm
780,kdenysln@utexas.edu,E0gdHtsej8,dcuellln
781,etignerlo@artisteer.com,CpA4ZFQ36,blethabridgelo
782,crewcasselllp@yellowpages.com,3oTskMNCtA57,mmccallisterlp
783,acrollalq@fc2.com,r3FcXJY,mstelfoxlq
784,barnholtzlr@bbc.co.uk,m7xxC0LR6M8v,cbyelr
785,lluckeyls@dyndns.org,Kglds6MPryZn,pmilmorels
786,tcosgrovelt@aboutads.info,HqZUfwpc05,amurisonlt
787,efrancklu@tinypic.com,Ei4gHnHfZl0,atombslu
788,msandfordlv@ucsd.edu,QBCSzq,gbarrlv
789,gguinnesslw@studiopress.com,IzhbubOO,sweberlw
790,bmaywardlx@topsy.com,v3jkjQYC,edartlx
791,kjozsaly@reuters.com,AnOnu3b4Wt,asheehanly
792,shousdenlz@baidu.com,jKELnePo2UO,fdovidianlz
793,lislepm0@army.mil,ABXwLv2,ckhomichm0
794,rboalm1@constantcontact.com,Shfc3g0,agambiem1
795,tgethingm2@xrea.com,yK7rAAvZu,alongm2
796,tdavleym3@scientificamerican.com,9EfjTr,cesleym3
797,afleym4@gizmodo.com,HfRbyNL7kx,econstantinem4
798,dglennonm5@columbia.edu,HCMu4sb,dbennallckm5
799,ltanderm6@time.com,fQF7VJg5TCRz,msawellm6
800,ocopynm7@cnn.com,uTBzpprrccv,tdowbigginm7
801,aquaifm8@msn.com,6gUSqw,kserjentm8
802,pcarlesm9@nasa.gov,PTTpHIMIWv8,amaymandm9
803,mdewettma@hexun.com,qsONgkrW5WBL,brojma
804,abradlaughmb@jalbum.net,fPgjX3,gcrocroftmb
805,ehuthartmc@blinklist.com,whxYOp047o,bstormontmc
806,knutleymd@sciencedirect.com,edotMBURe1N,kohoolahanmd
807,hbilfootme@vinaora.com,mIIwhzpLb,lverrallsme
808,lterrillmf@vinaora.com,BTu1HLDjZ,sitzakovitzmf
809,ryuryshevmg@bloglovin.com,Dh0KVo526K,gjeaninmg
810,cbarfordmh@liveinternet.ru,CoDonKMi,catleemh
811,lspeakmi@instagram.com,Fq4kYewP,hgiacomozzomi
812,jmalcolmsonmj@shinystat.com,mteGkM5FIt,ohyronsmj
813,cfriedmk@blogger.com,mnOfZHm0,lsplevinsmk
814,smcmillanml@ifeng.com,8GiXmui,sfucherml
815,cmillmoremm@lulu.com,Lz208zvNS,kdorlingmm
816,elenneymn@a8.net,IBTXsouJKL,olindebergmn
817,lfarninmo@fda.gov,Zc19DvL,phartillmo
818,rgiacopelomp@ucla.edu,i6tI4Jk7roc,docuddiemp
819,pheindlemq@jiathis.com,qFv9JEk,jcarinemq
820,rleggenmr@sina.com.cn,ejt90rqxU,hfirlemr
821,djaggims@mysql.com,mMrcXuoXZr,mrudgerdms
822,omallinsonmt@shutterfly.com,WquH9G,jdixseemt
823,rrommemu@sciencedirect.com,8e8ng5VzAIzf,dcantmu
824,oinesonmv@mashable.com,x7BPDY,tgiermv
825,crosewellmw@weebly.com,TQfqwT,eserchwellmw
826,wmurtymx@a8.net,ZZgcqqf,eankermx
827,zerskinemy@archive.org,ejC2Ok2l8,lnesbittmy
828,barnaudotmz@globo.com,mp37cKX7,nadolfsenmz
829,taryn0@opensource.org,nmlsQugm,skilcoynen0
830,phaithn1@netlog.com,zCw1Vc4W,kboarn1
831,jpatleyn2@seesaa.net,FQ27NTmJmYO6,hwebbn2
832,tlongleyn3@latimes.com,lDUxpBbjg,cmarishenkon3
833,ckordasn4@unicef.org,e5LFzDDrn,jhughlinn4
834,fheskinn5@stumbleupon.com,OpukxZQ,kfleyn5
835,rmariann6@smugmug.com,JOmvyOTr8,rjordann6
836,ajagiellon7@scribd.com,e6e7tbp5PAK,ballicockn7
837,afustn8@blogspot.com,EJmMe0GRm,amanningn8
838,iclouten9@bandcamp.com,kWu1QRB,jgroviern9
839,dhuscroftna@cocolog-nifty.com,VvODga,iwrightonna
840,jpescodnb@dmoz.org,jS2I2O,cwalfordnb
841,apatleync@google.fr,GOy5FoGifg,kdashwoodnc
842,tudallnd@fotki.com,TmVkghUE1,shoggannd
843,dwaggettne@baidu.com,dd8XhV05,dwagnerne
844,cpellamonutennf@un.org,vR3vmr2n3GGK,pgreatlandnf
845,acallabyng@mapquest.com,15UOsU3uv,sturnpennyng
846,nlebretonnh@va.gov,NHYsCLg1j,narmsdennh
847,icoxhellni@mediafire.com,TvyQFx,mdyteni
848,lcowdennj@edublogs.org,soCdbBl,rgossagenj
849,kdearellnk@theglobeandmail.com,8Ss9w01bJ0,lstiantnk
850,rtoulminnl@wordpress.org,ykwch55gp7,noxendennl
851,zdenerleynm@addtoany.com,R8Nil4d,aswinnardnm
852,fschimkenn@usa.gov,IlT0GZte8,hdavorennn
853,gwinfindaleno@addthis.com,gw2YXzOthY8w,bsighartno
854,mchippendalenp@360.cn,rdIB0Y,gpancoastnp
855,ksartonnq@techcrunch.com,CyU0pT6g,aharleynq
856,pcornicknr@timesonline.co.uk,YN4Ok1EWJ,wchattersnr
857,tgemsonns@rediff.com,i5Vkoja,epitkethlyns
858,funderhillnt@buzzfeed.com,5nYXvMnEk,kstirlingnt
859,lhamsteadnu@aboutads.info,pDgcys,amcbridenu
860,rdraynnv@jiathis.com,8qvPazoA47RE,ldellascalanv
861,jfritznw@reddit.com,YteMtJL5,wbeazleighnw
862,rhuntingtonnx@freewebs.com,9ExdgC,sburtenshawnx
863,gmathelonny@instagram.com,IsTef2xO,evanhaeftenny
864,arimernz@globo.com,2dk5NQ,llippattnz
865,jwaddoupso0@lulu.com,4LOwQK5EoIy,ejobbinso0
866,mlitchmoreo1@issuu.com,xGWvb3,sgouldeno1
867,tkingeo2@clickbank.net,qPOLqP9OS,csullyo2
868,gwollastono3@gmpg.org,4OblwpBMkM,aornellso3
869,akearleo4@qq.com,IT8Si9Yft,lwherryo4
870,mhefnero5@infoseek.co.jp,zVnFy0zlZJ20,mbartosiako5
871,vjarreto6@eepurl.com,oEYAFu06y0,bbakhrushino6
872,mmolloyo7@blogs.com,GG8oI9,wdelbouxo7
873,egregorino8@un.org,lpYkSbapsKWo,cmccombo8
874,pbrackenridgeo9@china.com.cn,B35mmcWDQgDD,kdelgardoo9
875,tkingslandoa@topsy.com,rVetuppqSG,scoddringtonoa
876,tmanssuerob@networkadvertising.org,O6VP8aKq,phubachob
877,elescopoc@msu.edu,cTMglUg5q,sstevenoc
878,wstotherfieldod@gov.uk,ZlpmvihTGY,dwaistallod
879,ecobbinoe@accuweather.com,1BkhE8pF,bdingivanoe
880,mheaterof@guardian.co.uk,gr7SKl5x,dthomessonof
881,cendleog@gnu.org,7pzcQg1ChL,bmugeog
882,ogherardellioh@twitter.com,nIQu4btPJ9,jahreniusoh
883,rdracksfordoi@fda.gov,eFx8qq7qM,kurwenoi
884,hpenderoj@admin.ch,UDzfmCrO3Ej,ljaffrayoj
885,zduplanok@google.cn,lpi5Q7xTsWjA,mmartignonok
886,bcutchieol@huffingtonpost.com,pQaL43lxj,wtibaltol
887,tbellamyom@hatena.ne.jp,Jdzxv67r,phritzkoom
888,oshackletonon@sina.com.cn,3BDZdhjo,dcorkingon
889,hslorachoo@wikimedia.org,hUWxaRvR,broseloo
890,trubenczykop@yahoo.com,emxuvTGHm,bgoningop
891,zheightonoq@fda.gov,XpucOASYP1oe,tmoyleoq
892,esebleyor@walmart.com,b4c8L2,bduchanor
893,gzellickos@networksolutions.com,QjCZA9Tp,taronstamos
894,gwalmsleyot@webs.com,yHJMfVi7,eerangeyot
895,vewartou@xinhuanet.com,aHWpvwn,agethingsou
896,fcasperov@blinklist.com,UBo2yJPN,pdinningov
897,nkoenenow@nsw.gov.au,OsUe5bBd3,gdightonow
898,mshaftoox@creativecommons.org,hSH2oKgts1HF,rmackimox
899,ggrimleyoy@moonfruit.com,vr8NzcIA,wjelloy
900,scundoz@vimeo.com,iM4YVjJRWfmB,jmuntoz
901,ftoffaninip0@unesco.org,VSvr8Xb,lmacardlep0
902,sconibearp1@gmpg.org,zE6kISs,rmattusevichp1
903,gallredp2@kickstarter.com,iUe7Z9W9,abollerp2
904,gpettyp3@is.gd,vgn10WycLdTU,jarmallp3
905,chaylettp4@patch.com,Ia91JSYG,parbucklep4
906,lenrightp5@mtv.com,hfmFDVi2uVjB,kandraultp5
907,ghorchep6@msn.com,H8mRVLDKA,tbierp6
908,ndcostap7@reddit.com,cQRhZs9g,eglenniep7
909,rcontip8@howstuffworks.com,qCw5HImv,kdeguarap8
910,dszepep9@icq.com,HnqbAjHzgiL8,aklemkep9
911,bmibournepa@digg.com,DopON7l,akimblingpa
912,ytingeypb@adobe.com,iYax0VyVxNik,tbeadelpb
913,rfalveypc@timesonline.co.uk,ueSZm60OiAN8,pleanderpc
914,jchrystiepd@youku.com,S0PVbjfQ9f,cdrancepd
915,mbolespe@usgs.gov,90rWtv,cmcettrickpe
916,lnouchpf@scribd.com,JviPXHmD,mboamepf
917,nmuttockpg@studiopress.com,iJNiRXDFZL,adarguepg
918,btedderph@goo.ne.jp,Zqx8lyArx,bbodsworthph
919,bdormanpi@archive.org,6Kgjtp,lquakleypi
920,dgudyerpj@github.com,8YtdIBWPv,ctofflerpj
921,rstilldalepk@woothemes.com,VPVWxb,jsouthonpk
922,gguislerpl@g.co,PuLudAt,gtoynepl
923,cshallcroffpm@printfriendly.com,v0p1VRjpXI,dkrystekpm
924,tbingallpn@census.gov,F1u9Fi1Sez2J,wheightonpn
925,ddantonipo@pcworld.com,NA1L2rNmp4lX,cbeckworthpo
926,mpymarpp@slate.com,XA0n0UQDL4,tmatthiesonpp
927,jcomerpq@mashable.com,n1C7nv,nsinghpq
928,edibleypr@naver.com,6ZwR0rR7m,mbrounepr
929,hriddickps@dyndns.org,6OOxzN,bwhiskerps
930,hrhodespt@mashable.com,kR9ZaMUr8KHK,vsteptowpt
931,nandriollipu@opensource.org,XfbX33EDjf,lmcgauganpu
932,btripneypv@wiley.com,VrjkrL49O,murlingpv
933,oquantrillpw@china.com.cn,n6grfx0,rbarhemspw
934,dkauschkepx@marriott.com,DQCKSLsHmG,gsherringtonpx
935,fclemmenspy@behance.net,kals71,kjoshpy
936,jfaithfullpz@msn.com,I2P8mm,jellingtonpz
937,mspeedingq0@kickstarter.com,r65TMkrf2ekP,qbuskq0
938,jharbisherq1@java.com,sOMmxAXt,dbaggalleyq1
939,rflanaghanq2@geocities.jp,gf43G0bF,ichaferq2
940,lpointinq3@google.ru,50WB8bhPLtQI,nbarajasq3
941,ecrangq4@ibm.com,tEc95QRE,dneilandsq4
942,abykq5@eventbrite.com,wOYw2aNsR,ebouleq5
943,mmittonq6@bloglines.com,kZEfgi,ecominoq6
944,ncouroyq7@surveymonkey.com,5BzaCJvl,lgreenleafq7
945,lorgeeq8@zimbio.com,E5HLzW,rbisetq8
946,mwasielewiczq9@infoseek.co.jp,wmzLOkzLPZjr,lfurmageq9
947,kesbyqa@comcast.net,V9G4Pyu,nbertieqa
948,eweedenqb@taobao.com,Q2CkVgaP0,kabrahamianqb
949,cbatecokqc@cocolog-nifty.com,YxM5KsB,fchreeqc
950,gandreuqd@patch.com,z2m0fkzqotGf,npadillaqd
951,nruberyqe@indiegogo.com,zng70eet,khowittqe
952,mduredenqf@blinklist.com,DqZtQTrlJq6,adahlbomqf
953,csamwayesqg@xing.com,VVOupZ0b,calbrightonqg
954,mhartlandqh@ft.com,yL08i4xQt,murchqh
955,ajenckesqi@usgs.gov,3HwnKc,rmcelweeqi
956,dfoyeqj@addtoany.com,ChnRK5rxTGHc,fconryqj
957,mduhigqk@narod.ru,ybvf31V,rfranchioniqk
958,anortonql@spiegel.de,E46b25,tmartschkeql
959,soverlandqm@zimbio.com,8XJW4AkAnT0G,abellamqm
960,bscarlanqn@globo.com,1oJ6qGmVHK,celiazqn
961,seggerqo@bloomberg.com,HEHRK9z4uTg,lcamiesqo
962,arostonqp@w3.org,CHg6q6dw,waldhousqp
963,aantonoczykqq@sitemeter.com,1ByciFxxCRGw,vmaddysonqq
964,cflinnqr@ustream.tv,2A5vmahYi,pgentileqr
965,ohuttonqs@marketwatch.com,QzN0mWA,kandreaccioqs
966,gjoannicqt@flickr.com,B4PARFXj,wbielfeldqt
967,pjozsefqu@pinterest.com,RSx0bkA6L,mborwickqu
968,zvarneyqv@merriam-webster.com,YTLNC0VB10,brawlesqv
969,acomiskeyqw@trellian.com,QjxiPCAC,rfeehamqw
970,ehinksqx@independent.co.uk,n0cCIsL3CkD,cfrewerqx
971,gpuryqy@homestead.com,e7Pyxa,lturbillqy
972,aoluwatoyinqz@imdb.com,av8CABH5G8,hdavittqz
973,frowbreyr0@paypal.com,HZ1s6NAHm,hlenehamr0
974,awoolfallr1@youtu.be,mQOu13,ccollcottr1
975,agribbenr2@nyu.edu,oIPnWj,slamburner2
976,kgollingr3@cargocollective.com,XPTi6AiXHt,wcrocomber3
977,gvanmerwer4@wordpress.org,MX71xuVa0e,ajoannetr4
978,scyseleyr5@prweb.com,9L1qUUCRf,igoldinr5
979,mblaskettr6@cafepress.com,0V5723eRY1t,dshurmerr6
980,swillowsr7@drupal.org,5aiA5m31,mwozencraftr7
981,carboinr8@github.io,fsRKGVMhB,rsagrottr8
982,mbenchr9@bandcamp.com,Z1Y8w5ivd,nmizzir9
983,fmackriellra@pen.io,4evFFxfBDuX3,sedinborora
984,cgeipelrb@senate.gov,XTvo9B9AS,aruppelinrb
985,fphillipsrc@reference.com,Bxtowe,ucrooksrc
986,gbremmellrd@naver.com,6yIe7H,egiorginird
987,wmckimmiere@boston.com,xugsWkezCw,gstrelitzre
988,pcleavelandrf@webnode.com,n55Ej0Kc,jsloeyrf
989,imilbornrg@icio.us,nzDIZQt4,ktrainrg
990,geddenrh@hatena.ne.jp,oSjQ6z03Zu,ctidcomberh
991,tpaulsenri@reddit.com,knjTnlBV8,rdivineri
992,priggulsfordrj@si.edu,wMgGRJhaHk,tdevonshirerj
993,ntuleyrk@slate.com,e8pw2Kyeg2xD,jpinderrk
994,fgiamuzzorl@pagesperso-orange.fr,DhuVWSPV,dscranerl
995,apasterfieldrm@shop-pro.jp,JW5FtOh,csurgoodrm
996,ccriginrn@bizjournals.com,JM3Uyvjf1,kstutterrn
997,atareero@discovery.com,KEeUaB2,fdidsburyro
998,gbretherickrp@tinyurl.com,6SHgo4Fz,twoolstonrp
999,jkerwinrq@wired.com,t47R4R0Rbg8,kdevennyrq
1000,jkendrickrr@devhub.com,M1g1j7ECA,sscarlonrr
